{
  "hash": "5e9d22b1",
  "configHash": "3ee45980",
  "lockfileHash": "b9d18060",
  "browserHash": "d6d6c7e2",
  "optimized": {
    "@angular/core": {
      "src": "../../../../../../node_modules/@angular/core/fesm2022/core.mjs",
      "file": "@angular_core.js",
      "fileHash": "a3959491",
      "needsInterop": false
    },
    "@angular/forms": {
      "src": "../../../../../../node_modules/@angular/forms/fesm2022/forms.mjs",
      "file": "@angular_forms.js",
      "fileHash": "7531800b",
      "needsInterop": false
    },
    "@angular/platform-browser": {
      "src": "../../../../../../node_modules/@angular/platform-browser/fesm2022/platform-browser.mjs",
      "file": "@angular_platform-browser.js",
      "fileHash": "ee089ea8",
      "needsInterop": false
    },
    "@angular/router": {
      "src": "../../../../../../node_modules/@angular/router/fesm2022/router.mjs",
      "file": "@angular_router.js",
      "fileHash": "b211ff6b",
      "needsInterop": false
    }
  },
  "chunks": {
    "chunk-EONY3TLN": {
      "file": "chunk-EONY3TLN.js"
    },
    "chunk-4WNUDHKN": {
      "file": "chunk-4WNUDHKN.js"
    },
    "chunk-RXLE57JX": {
      "file": "chunk-RXLE57JX.js"
    }
  }
}