{
  "hash": "3e55a27d",
  "configHash": "9a266a8a",
  "lockfileHash": "b9d18060",
  "browserHash": "ee431a76",
  "optimized": {
    "@angular/core": {
      "src": "../../../../../../node_modules/@angular/core/fesm2022/core.mjs",
      "file": "@angular_core.js",
      "fileHash": "fba73fc2",
      "needsInterop": false
    },
    "@angular/forms": {
      "src": "../../../../../../node_modules/@angular/forms/fesm2022/forms.mjs",
      "file": "@angular_forms.js",
      "fileHash": "a5bad11f",
      "needsInterop": false
    },
    "@angular/platform-browser": {
      "src": "../../../../../../node_modules/@angular/platform-browser/fesm2022/platform-browser.mjs",
      "file": "@angular_platform-browser.js",
      "fileHash": "394db216",
      "needsInterop": false
    },
    "@angular/router": {
      "src": "../../../../../../node_modules/@angular/router/fesm2022/router.mjs",
      "file": "@angular_router.js",
      "fileHash": "28a9467c",
      "needsInterop": false
    },
    "@angular/common": {
      "src": "../../../../../../node_modules/@angular/common/fesm2022/common.mjs",
      "file": "@angular_common.js",
      "fileHash": "f86534b9",
      "needsInterop": false
    }
  },
  "chunks": {
    "chunk-65RCXNHE": {
      "file": "chunk-65RCXNHE.js"
    },
    "chunk-MCO6UI4J": {
      "file": "chunk-MCO6UI4J.js"
    },
    "chunk-RXLE57JX": {
      "file": "chunk-RXLE57JX.js"
    }
  }
}